Sample	Passed Filter	Low Quality	Too Many N	Too Short	Too Long
EASI021_L1_polyg	1013254.0	0.0	0.0	798.0	0.0
EASI021_L2_polyg	945168.0	0.0	0.0	602.0	0.0
EASI021_L3_polyg	985676.0	0.0	0.0	748.0	0.0
EASI021_L4_polyg	946164.0	0.0	0.0	610.0	0.0
EASI022_L1_polyg	902908.0	0.0	0.0	904.0	0.0
EASI022_L2_polyg	844240.0	0.0	0.0	674.0	0.0
EASI022_L3_polyg	884390.0	0.0	0.0	918.0	0.0
EASI022_L4_polyg	851794.0	0.0	0.0	858.0	0.0
EASI023A_L1_polyg	956368.0	0.0	0.0	1052.0	0.0
EASI023A_L2_polyg	894704.0	0.0	0.0	718.0	0.0
EASI023A_L3_polyg	926358.0	0.0	0.0	878.0	0.0
EASI023A_L4_polyg	902546.0	0.0	0.0	896.0	0.0
EASI023B_L1_polyg	921896.0	0.0	0.0	1064.0	0.0
EASI023B_L2_polyg	872932.0	0.0	0.0	790.0	0.0
EASI023B_L3_polyg	898128.0	0.0	0.0	914.0	0.0
EASI023B_L4_polyg	876578.0	0.0	0.0	738.0	0.0
EASI023C_L1_polyg	1044454.0	0.0	0.0	644.0	0.0
EASI023C_L2_polyg	983312.0	0.0	0.0	502.0	0.0
EASI023C_L3_polyg	1018064.0	0.0	0.0	628.0	0.0
EASI023C_L4_polyg	986496.0	0.0	0.0	552.0	0.0
EASI031A_L1_polyg	1016440.0	0.0	0.0	830.0	0.0
EASI031A_L2_polyg	959574.0	0.0	0.0	560.0	0.0
EASI031A_L3_polyg	983502.0	0.0	0.0	766.0	0.0
EASI031A_L4_polyg	961798.0	0.0	0.0	620.0	0.0
EASI031B_L1_polyg	1042522.0	0.0	0.0	910.0	0.0
EASI031B_L2_polyg	973520.0	0.0	0.0	794.0	0.0
EASI031B_L3_polyg	1016504.0	0.0	0.0	766.0	0.0
EASI031B_L4_polyg	972008.0	0.0	0.0	778.0	0.0
EASI031C_L1_polyg	940226.0	0.0	0.0	960.0	0.0
EASI031C_L2_polyg	879508.0	0.0	0.0	720.0	0.0
EASI031C_L3_polyg	915630.0	0.0	0.0	744.0	0.0
EASI031C_L4_polyg	882280.0	0.0	0.0	708.0	0.0
EASI032_L1_polyg	868970.0	0.0	0.0	1310.0	0.0
EASI032_L2_polyg	815344.0	0.0	0.0	1128.0	0.0
EASI032_L3_polyg	831504.0	0.0	0.0	1210.0	0.0
EASI032_L4_polyg	804376.0	0.0	0.0	1286.0	0.0
EASI024_L1_polyg	869926.0	0.0	0.0	838.0	0.0
EASI024_L2_polyg	812472.0	0.0	0.0	630.0	0.0
EASI024_L3_polyg	846204.0	0.0	0.0	776.0	0.0
EASI024_L4_polyg	816732.0	0.0	0.0	630.0	0.0
EASI025_L1_polyg	979536.0	0.0	0.0	1390.0	0.0
EASI025_L2_polyg	917892.0	0.0	0.0	1026.0	0.0
EASI025_L3_polyg	951376.0	0.0	0.0	1238.0	0.0
EASI025_L4_polyg	921350.0	0.0	0.0	1146.0	0.0
EASI026A_L1_polyg	974928.0	0.0	0.0	1058.0	0.0
EASI026A_L2_polyg	910740.0	0.0	0.0	778.0	0.0
EASI026A_L3_polyg	954214.0	0.0	0.0	916.0	0.0
EASI026A_L4_polyg	918370.0	0.0	0.0	854.0	0.0
EASI026B_L1_polyg	932324.0	0.0	0.0	1142.0	0.0
EASI026B_L2_polyg	875168.0	0.0	0.0	758.0	0.0
EASI026B_L3_polyg	912384.0	0.0	0.0	948.0	0.0
EASI026B_L4_polyg	879160.0	0.0	0.0	832.0	0.0
EASI027_L1_polyg	691152.0	0.0	0.0	504.0	0.0
EASI027_L2_polyg	645048.0	0.0	0.0	442.0	0.0
EASI027_L3_polyg	672872.0	0.0	0.0	518.0	0.0
EASI027_L4_polyg	650634.0	0.0	0.0	460.0	0.0
EASI028A_L1_polyg	1024768.0	0.0	0.0	852.0	0.0
EASI028A_L2_polyg	963100.0	0.0	0.0	564.0	0.0
EASI028A_L3_polyg	992678.0	0.0	0.0	732.0	0.0
EASI028A_L4_polyg	963012.0	0.0	0.0	600.0	0.0
EASI028B_L1_polyg	1010040.0	0.0	0.0	532.0	0.0
EASI028B_L2_polyg	949454.0	0.0	0.0	356.0	0.0
EASI028B_L3_polyg	981326.0	0.0	0.0	544.0	0.0
EASI028B_L4_polyg	952192.0	0.0	0.0	398.0	0.0
EASI001_L1_polyg	865584.0	0.0	0.0	648.0	0.0
EASI001_L2_polyg	809826.0	0.0	0.0	448.0	0.0
EASI001_L3_polyg	841454.0	0.0	0.0	640.0	0.0
EASI001_L4_polyg	810232.0	0.0	0.0	508.0	0.0
EASI019A_L1_polyg	908492.0	0.0	0.0	792.0	0.0
EASI019A_L2_polyg	855224.0	0.0	0.0	562.0	0.0
EASI019A_L3_polyg	881238.0	0.0	0.0	712.0	0.0
EASI019A_L4_polyg	856114.0	0.0	0.0	640.0	0.0
EASI019B_L1_polyg	996758.0	0.0	0.0	1068.0	0.0
EASI019B_L2_polyg	929028.0	0.0	0.0	736.0	0.0
EASI019B_L3_polyg	969716.0	0.0	0.0	864.0	0.0
EASI019B_L4_polyg	936608.0	0.0	0.0	780.0	0.0
EASI020A_L1_polyg	1035976.0	0.0	0.0	1154.0	0.0
EASI020A_L2_polyg	967828.0	0.0	0.0	846.0	0.0
EASI020A_L3_polyg	1005988.0	0.0	0.0	984.0	0.0
EASI020A_L4_polyg	969384.0	0.0	0.0	880.0	0.0
EASI020B_L1_polyg	1084630.0	0.0	0.0	1262.0	0.0
EASI020B_L2_polyg	1021302.0	0.0	0.0	1040.0	0.0
EASI020B_L3_polyg	1050096.0	0.0	0.0	1176.0	0.0
EASI020B_L4_polyg	1019630.0	0.0	0.0	1110.0	0.0
EASI020C_L1_polyg	1031404.0	0.0	0.0	1284.0	0.0
EASI020C_L2_polyg	1006736.0	0.0	0.0	996.0	0.0
EASI020C_L3_polyg	1000654.0	0.0	0.0	1216.0	0.0
EASI020C_L4_polyg	974044.0	0.0	0.0	1084.0	0.0
EASI020D_L1_polyg	998746.0	0.0	0.0	900.0	0.0
EASI020D_L2_polyg	929994.0	0.0	0.0	632.0	0.0
EASI020D_L3_polyg	973768.0	0.0	0.0	826.0	0.0
EASI020D_L4_polyg	937756.0	0.0	0.0	686.0	0.0
EASI029_L1_polyg	810834.0	0.0	0.0	882.0	0.0
EASI029_L2_polyg	756712.0	0.0	0.0	686.0	0.0
EASI029_L3_polyg	785066.0	0.0	0.0	822.0	0.0
EASI029_L4_polyg	758300.0	0.0	0.0	678.0	0.0
EASI030_L1_polyg	987114.0	0.0	0.0	1244.0	0.0
EASI030_L2_polyg	932820.0	0.0	0.0	746.0	0.0
EASI030_L3_polyg	965372.0	0.0	0.0	1120.0	0.0
EASI030_L4_polyg	934560.0	0.0	0.0	908.0	0.0
EASI002_L1_polyg	1020100.0	0.0	0.0	850.0	0.0
EASI002_L2_polyg	959492.0	0.0	0.0	552.0	0.0
EASI002_L3_polyg	993168.0	0.0	0.0	780.0	0.0
EASI002_L4_polyg	959886.0	0.0	0.0	668.0	0.0
EASI003A_L1_polyg	928906.0	0.0	0.0	670.0	0.0
EASI003A_L2_polyg	868206.0	0.0	0.0	448.0	0.0
EASI003A_L3_polyg	905500.0	0.0	0.0	594.0	0.0
EASI003A_L4_polyg	872978.0	0.0	0.0	470.0	0.0
EASI003B_L1_polyg	866590.0	0.0	0.0	524.0	0.0
EASI003B_L2_polyg	804938.0	0.0	0.0	432.0	0.0
EASI003B_L3_polyg	839002.0	0.0	0.0	540.0	0.0
EASI003B_L4_polyg	803342.0	0.0	0.0	442.0	0.0
EASI003C_L1_polyg	660284.0	0.0	0.0	588.0	0.0
EASI003C_L2_polyg	615532.0	0.0	0.0	396.0	0.0
EASI003C_L3_polyg	639962.0	0.0	0.0	538.0	0.0
EASI003C_L4_polyg	618014.0	0.0	0.0	552.0	0.0
EASI004A_L1_polyg	935400.0	0.0	0.0	844.0	0.0
EASI004A_L2_polyg	876786.0	0.0	0.0	616.0	0.0
EASI004A_L3_polyg	908378.0	0.0	0.0	848.0	0.0
EASI004A_L4_polyg	877776.0	0.0	0.0	674.0	0.0
EASI004B_L1_polyg	951564.0	0.0	0.0	840.0	0.0
EASI004B_L2_polyg	893606.0	0.0	0.0	636.0	0.0
EASI004B_L3_polyg	927012.0	0.0	0.0	744.0	0.0
EASI004B_L4_polyg	898334.0	0.0	0.0	736.0	0.0
EASI005_L1_polyg	603610.0	0.0	0.0	934.0	0.0
EASI005_L2_polyg	566800.0	0.0	0.0	652.0	0.0
EASI005_L3_polyg	582010.0	0.0	0.0	820.0	0.0
EASI005_L4_polyg	568764.0	0.0	0.0	712.0	0.0
EASI006A_L1_polyg	1141302.0	0.0	0.0	772.0	0.0
EASI006A_L2_polyg	1071322.0	0.0	0.0	616.0	0.0
EASI006A_L3_polyg	1110668.0	0.0	0.0	820.0	0.0
EASI006A_L4_polyg	1074154.0	0.0	0.0	594.0	0.0
EASI006B_L1_polyg	989638.0	0.0	0.0	1188.0	0.0
EASI006B_L2_polyg	929302.0	0.0	0.0	802.0	0.0
EASI006B_L3_polyg	969038.0	0.0	0.0	1064.0	0.0
EASI006B_L4_polyg	934774.0	0.0	0.0	958.0	0.0
EASI007A_L1_polyg	916770.0	0.0	0.0	1016.0	0.0
EASI007A_L2_polyg	860344.0	0.0	0.0	654.0	0.0
EASI007A_L3_polyg	895414.0	0.0	0.0	912.0	0.0
EASI007A_L4_polyg	866010.0	0.0	0.0	728.0	0.0
EASI007B_L1_polyg	1138504.0	0.0	0.0	1034.0	0.0
EASI007B_L2_polyg	1066406.0	0.0	0.0	614.0	0.0
EASI007B_L3_polyg	1108670.0	0.0	0.0	980.0	0.0
EASI007B_L4_polyg	1069598.0	0.0	0.0	800.0	0.0
EASI008_L1_polyg	1249068.0	0.0	0.0	970.0	0.0
EASI008_L2_polyg	1171386.0	0.0	0.0	742.0	0.0
EASI008_L3_polyg	1216776.0	0.0	0.0	852.0	0.0
EASI008_L4_polyg	1176282.0	0.0	0.0	806.0	0.0
EASI009_L1_polyg	1044458.0	0.0	0.0	764.0	0.0
EASI009_L2_polyg	975082.0	0.0	0.0	618.0	0.0
EASI009_L3_polyg	1011818.0	0.0	0.0	708.0	0.0
EASI009_L4_polyg	983590.0	0.0	0.0	598.0	0.0
EASI010_L1_polyg	988988.0	0.0	0.0	564.0	0.0
EASI010_L2_polyg	922232.0	0.0	0.0	468.0	0.0
EASI010_L3_polyg	950114.0	0.0	0.0	470.0	0.0
EASI010_L4_polyg	919730.0	0.0	0.0	444.0	0.0
EASI011_L1_polyg	1049804.0	0.0	0.0	678.0	0.0
EASI011_L2_polyg	979720.0	0.0	0.0	450.0	0.0
EASI011_L3_polyg	1017988.0	0.0	0.0	582.0	0.0
EASI011_L4_polyg	985178.0	0.0	0.0	562.0	0.0
EASI012A_L1_polyg	1008984.0	0.0	0.0	822.0	0.0
EASI012A_L2_polyg	950948.0	0.0	0.0	616.0	0.0
EASI012A_L3_polyg	976844.0	0.0	0.0	740.0	0.0
EASI012A_L4_polyg	952566.0	0.0	0.0	720.0	0.0
EASI012B_L1_polyg	756502.0	0.0	0.0	834.0	0.0
EASI012B_L2_polyg	715278.0	0.0	0.0	710.0	0.0
EASI012B_L3_polyg	733974.0	0.0	0.0	772.0	0.0
EASI012B_L4_polyg	712726.0	0.0	0.0	644.0	0.0
EASI013_L1_polyg	1150554.0	0.0	0.0	1042.0	0.0
EASI013_L2_polyg	1078854.0	0.0	0.0	702.0	0.0
EASI013_L3_polyg	1118238.0	0.0	0.0	980.0	0.0
EASI013_L4_polyg	1083806.0	0.0	0.0	794.0	0.0
EASI014_L1_polyg	1018672.0	0.0	0.0	556.0	0.0
EASI014_L2_polyg	957018.0	0.0	0.0	456.0	0.0
EASI014_L3_polyg	993014.0	0.0	0.0	610.0	0.0
EASI014_L4_polyg	959618.0	0.0	0.0	494.0	0.0
EASI015A_L1_polyg	1055864.0	0.0	0.0	1032.0	0.0
EASI015A_L2_polyg	988956.0	0.0	0.0	750.0	0.0
EASI015A_L3_polyg	1028926.0	0.0	0.0	942.0	0.0
EASI015A_L4_polyg	994038.0	0.0	0.0	856.0	0.0
EASI015B_L1_polyg	843900.0	0.0	0.0	620.0	0.0
EASI015B_L2_polyg	785652.0	0.0	0.0	444.0	0.0
EASI015B_L3_polyg	821070.0	0.0	0.0	558.0	0.0
EASI015B_L4_polyg	792744.0	0.0	0.0	422.0	0.0
EASI015C_L1_polyg	887436.0	0.0	0.0	450.0	0.0
EASI015C_L2_polyg	835226.0	0.0	0.0	358.0	0.0
EASI015C_L3_polyg	862046.0	0.0	0.0	472.0	0.0
EASI015C_L4_polyg	841016.0	0.0	0.0	372.0	0.0
EASI015D_L1_polyg	1126598.0	0.0	0.0	868.0	0.0
EASI015D_L2_polyg	1059318.0	0.0	0.0	584.0	0.0
EASI015D_L3_polyg	1096852.0	0.0	0.0	794.0	0.0
EASI015D_L4_polyg	1066322.0	0.0	0.0	802.0	0.0
EASI016A_L1_polyg	1026436.0	0.0	0.0	556.0	0.0
EASI016A_L2_polyg	952356.0	0.0	0.0	382.0	0.0
EASI016A_L3_polyg	994718.0	0.0	0.0	392.0	0.0
EASI016A_L4_polyg	957410.0	0.0	0.0	412.0	0.0
EASI016B_L1_polyg	939082.0	0.0	0.0	1120.0	0.0
EASI016B_L2_polyg	880826.0	0.0	0.0	864.0	0.0
EASI016B_L3_polyg	914092.0	0.0	0.0	1032.0	0.0
EASI016B_L4_polyg	886052.0	0.0	0.0	978.0	0.0
EASI017A_L1_polyg	855238.0	0.0	0.0	1294.0	0.0
EASI017A_L2_polyg	816888.0	0.0	0.0	970.0	0.0
EASI017A_L3_polyg	821384.0	0.0	0.0	1176.0	0.0
EASI017A_L4_polyg	803090.0	0.0	0.0	1048.0	0.0
EASI017B_L1_polyg	941752.0	0.0	0.0	938.0	0.0
EASI017B_L2_polyg	886466.0	0.0	0.0	650.0	0.0
EASI017B_L3_polyg	912700.0	0.0	0.0	886.0	0.0
EASI017B_L4_polyg	887468.0	0.0	0.0	770.0	0.0
EASI018_L1_polyg	819100.0	0.0	0.0	1136.0	0.0
EASI018_L2_polyg	781294.0	0.0	0.0	784.0	0.0
EASI018_L3_polyg	791226.0	0.0	0.0	1062.0	0.0
EASI018_L4_polyg	771894.0	0.0	0.0	684.0	0.0
EASI040_L1_polyg	2879032.0	0.0	0.0	4166.0	0.0
EASI040_L2_polyg	2703318.0	0.0	0.0	3366.0	0.0
EASI040_L3_polyg	2826254.0	0.0	0.0	4326.0	0.0
EASI040_L4_polyg	2700086.0	0.0	0.0	3480.0	0.0
EASI041_L1_polyg	2456000.0	0.0	0.0	2518.0	0.0
EASI041_L2_polyg	2310054.0	0.0	0.0	2212.0	0.0
EASI041_L3_polyg	2393572.0	0.0	0.0	2668.0	0.0
EASI041_L4_polyg	2306148.0	0.0	0.0	2212.0	0.0
EASI042_L1_polyg	910954.0	0.0	0.0	1214.0	0.0
EASI042_L2_polyg	850526.0	0.0	0.0	848.0	0.0
EASI042_L3_polyg	888596.0	0.0	0.0	1072.0	0.0
EASI042_L4_polyg	852096.0	0.0	0.0	988.0	0.0
EASI033A_L1_polyg	999506.0	0.0	0.0	1116.0	0.0
EASI033A_L2_polyg	919630.0	0.0	0.0	830.0	0.0
EASI033A_L3_polyg	942854.0	0.0	0.0	992.0	0.0
EASI033A_L4_polyg	927356.0	0.0	0.0	840.0	0.0
EASI033B_L1_polyg	832384.0	0.0	0.0	1102.0	0.0
EASI033B_L2_polyg	782926.0	0.0	0.0	912.0	0.0
EASI033B_L3_polyg	805982.0	0.0	0.0	982.0	0.0
EASI033B_L4_polyg	784334.0	0.0	0.0	930.0	0.0
EASI034_L1_polyg	837888.0	0.0	0.0	716.0	0.0
EASI034_L2_polyg	772728.0	0.0	0.0	564.0	0.0
EASI034_L3_polyg	809386.0	0.0	0.0	720.0	0.0
EASI034_L4_polyg	776500.0	0.0	0.0	632.0	0.0
EASI043_L1_polyg	1835406.0	0.0	0.0	4052.0	0.0
EASI043_L2_polyg	1786378.0	0.0	0.0	3626.0	0.0
EASI043_L3_polyg	1783696.0	0.0	0.0	4060.0	0.0
EASI043_L4_polyg	1791836.0	0.0	0.0	3562.0	0.0
EASI044_L1_polyg	2032354.0	0.0	0.0	1816.0	0.0
EASI044_L2_polyg	1926456.0	0.0	0.0	1756.0	0.0
EASI044_L3_polyg	1971922.0	0.0	0.0	1816.0	0.0
EASI044_L4_polyg	1924220.0	0.0	0.0	1668.0	0.0
EASI045_L1_polyg	1878004.0	0.0	0.0	2770.0	0.0
EASI045_L2_polyg	1775268.0	0.0	0.0	2416.0	0.0
EASI045_L3_polyg	1818328.0	0.0	0.0	2738.0	0.0
EASI045_L4_polyg	1769590.0	0.0	0.0	2514.0	0.0
EASI035_L1_polyg	888328.0	0.0	0.0	908.0	0.0
EASI035_L2_polyg	836586.0	0.0	0.0	658.0	0.0
EASI035_L3_polyg	865744.0	0.0	0.0	830.0	0.0
EASI035_L4_polyg	838080.0	0.0	0.0	710.0	0.0
EASI037_L1_polyg	846470.0	0.0	0.0	684.0	0.0
EASI037_L2_polyg	791924.0	0.0	0.0	470.0	0.0
EASI037_L3_polyg	824198.0	0.0	0.0	606.0	0.0
EASI037_L4_polyg	792010.0	0.0	0.0	504.0	0.0
EASI038_L1_polyg	770782.0	0.0	0.0	894.0	0.0
EASI038_L2_polyg	719256.0	0.0	0.0	760.0	0.0
EASI038_L3_polyg	741916.0	0.0	0.0	846.0	0.0
EASI038_L4_polyg	720296.0	0.0	0.0	966.0	0.0
EASI039A_L1_polyg	2289734.0	0.0	0.0	2472.0	0.0
EASI039A_L2_polyg	2152406.0	0.0	0.0	2294.0	0.0
EASI039A_L3_polyg	2237616.0	0.0	0.0	2562.0	0.0
EASI039A_L4_polyg	2146388.0	0.0	0.0	2450.0	0.0
EASI039B_L1_polyg	2721030.0	0.0	0.0	2218.0	0.0
EASI039B_L2_polyg	2553818.0	0.0	0.0	2018.0	0.0
EASI039B_L3_polyg	2648636.0	0.0	0.0	2228.0	0.0
EASI039B_L4_polyg	2546414.0	0.0	0.0	2182.0	0.0
EASI039C_L1_polyg	2633602.0	0.0	0.0	1874.0	0.0
EASI039C_L2_polyg	2495860.0	0.0	0.0	1886.0	0.0
EASI039C_L3_polyg	2564196.0	0.0	0.0	2032.0	0.0
EASI039C_L4_polyg	2488462.0	0.0	0.0	1962.0	0.0
EASI039D_L1_polyg	2863368.0	0.0	0.0	2646.0	0.0
EASI039D_L2_polyg	2707158.0	0.0	0.0	2272.0	0.0
EASI039D_L3_polyg	2796134.0	0.0	0.0	2800.0	0.0
EASI039D_L4_polyg	2703930.0	0.0	0.0	2390.0	0.0
EASI304_L1_polyg	2823368.0	0.0	0.0	1276.0	0.0
EASI304_L2_polyg	2716512.0	0.0	0.0	898.0	0.0
EASI304_L3_polyg	2743782.0	0.0	0.0	1392.0	0.0
EASI304_L4_polyg	2408490.0	0.0	0.0	1094.0	0.0
EASI306_L1_polyg	2223502.0	0.0	0.0	1162.0	0.0
EASI306_L2_polyg	2145082.0	0.0	0.0	1054.0	0.0
EASI306_L3_polyg	2135546.0	0.0	0.0	1188.0	0.0
EASI306_L4_polyg	1686072.0	0.0	0.0	1088.0	0.0
EASI307_L1_polyg	2069050.0	0.0	0.0	1150.0	0.0
EASI307_L2_polyg	2001444.0	0.0	0.0	1292.0	0.0
EASI307_L3_polyg	1997916.0	0.0	0.0	1032.0	0.0
EASI307_L4_polyg	1645800.0	0.0	0.0	1238.0	0.0
EASI308_L1_polyg	2317592.0	0.0	0.0	1690.0	0.0
EASI308_L2_polyg	2224130.0	0.0	0.0	1686.0	0.0
EASI308_L3_polyg	2232372.0	0.0	0.0	1668.0	0.0
EASI308_L4_polyg	1860510.0	0.0	0.0	1696.0	0.0
EASI230_L1_polyg	1911754.0	0.0	0.0	758.0	0.0
EASI230_L2_polyg	1841794.0	0.0	0.0	626.0	0.0
EASI230_L3_polyg	1858310.0	0.0	0.0	824.0	0.0
EASI230_L4_polyg	1663314.0	0.0	0.0	728.0	0.0
EASI231_L1_polyg	2777318.0	0.0	0.0	1484.0	0.0
EASI231_L2_polyg	2653512.0	0.0	0.0	1486.0	0.0
EASI231_L3_polyg	2657068.0	0.0	0.0	1378.0	0.0
EASI231_L4_polyg	1889566.0	0.0	0.0	1268.0	0.0
EASI232_L1_polyg	2315458.0	0.0	0.0	1028.0	0.0
EASI232_L2_polyg	2221186.0	0.0	0.0	820.0	0.0
EASI232_L3_polyg	2242626.0	0.0	0.0	1018.0	0.0
EASI232_L4_polyg	1744818.0	0.0	0.0	974.0	0.0
EASI233_L1_polyg	2302234.0	0.0	0.0	1080.0	0.0
EASI233_L2_polyg	2222518.0	0.0	0.0	994.0	0.0
EASI233_L3_polyg	2231390.0	0.0	0.0	1110.0	0.0
EASI233_L4_polyg	1952040.0	0.0	0.0	1080.0	0.0
EASI234_L1_polyg	2542240.0	0.0	0.0	1276.0	0.0
EASI234_L2_polyg	2436752.0	0.0	0.0	1134.0	0.0
EASI234_L3_polyg	2459348.0	0.0	0.0	1348.0	0.0
EASI234_L4_polyg	2090272.0	0.0	0.0	1380.0	0.0
EASI235_L1_polyg	2146542.0	0.0	0.0	728.0	0.0
EASI235_L2_polyg	2070390.0	0.0	0.0	698.0	0.0
EASI235_L3_polyg	2083232.0	0.0	0.0	796.0	0.0
EASI235_L4_polyg	1859784.0	0.0	0.0	858.0	0.0
EASI236_L1_polyg	2085586.0	0.0	0.0	1226.0	0.0
EASI236_L2_polyg	1996422.0	0.0	0.0	1028.0	0.0
EASI236_L3_polyg	2007890.0	0.0	0.0	1208.0	0.0
EASI236_L4_polyg	1501092.0	0.0	0.0	1066.0	0.0
EASI237_L1_polyg	2171640.0	0.0	0.0	1444.0	0.0
EASI237_L2_polyg	2090890.0	0.0	0.0	1280.0	0.0
EASI237_L3_polyg	2103556.0	0.0	0.0	1434.0	0.0
EASI237_L4_polyg	1765032.0	0.0	0.0	1360.0	0.0
EASI238_L1_polyg	2037118.0	0.0	0.0	730.0	0.0
EASI238_L2_polyg	1966962.0	0.0	0.0	618.0	0.0
EASI238_L3_polyg	1976576.0	0.0	0.0	762.0	0.0
EASI238_L4_polyg	1759186.0	0.0	0.0	666.0	0.0
EASI239_L1_polyg	2884458.0	0.0	0.0	1316.0	0.0
EASI239_L2_polyg	2777682.0	0.0	0.0	1316.0	0.0
EASI239_L3_polyg	2788840.0	0.0	0.0	1372.0	0.0
EASI239_L4_polyg	2396148.0	0.0	0.0	1388.0	0.0
EASI240_L1_polyg	2661980.0	0.0	0.0	1136.0	0.0
EASI240_L2_polyg	2559814.0	0.0	0.0	872.0	0.0
EASI240_L3_polyg	2584656.0	0.0	0.0	1170.0	0.0
EASI240_L4_polyg	2173486.0	0.0	0.0	994.0	0.0
EASI241_L1_polyg	2884636.0	0.0	0.0	1058.0	0.0
EASI241_L2_polyg	2774514.0	0.0	0.0	854.0	0.0
EASI241_L3_polyg	2800256.0	0.0	0.0	1016.0	0.0
EASI241_L4_polyg	2470028.0	0.0	0.0	930.0	0.0
EASI242_L1_polyg	2349798.0	0.0	0.0	2482.0	0.0
EASI242_L2_polyg	2259888.0	0.0	0.0	2156.0	0.0
EASI242_L3_polyg	2282776.0	0.0	0.0	2382.0	0.0
EASI242_L4_polyg	2024498.0	0.0	0.0	2542.0	0.0
EASI243_L1_polyg	2521836.0	0.0	0.0	1114.0	0.0
EASI243_L2_polyg	2428040.0	0.0	0.0	1046.0	0.0
EASI243_L3_polyg	2446276.0	0.0	0.0	1126.0	0.0
EASI243_L4_polyg	2067098.0	0.0	0.0	1108.0	0.0
EASI244_L1_polyg	1978246.0	0.0	0.0	1150.0	0.0
EASI244_L2_polyg	1903130.0	0.0	0.0	764.0	0.0
EASI244_L3_polyg	1927144.0	0.0	0.0	1130.0	0.0
EASI244_L4_polyg	1719436.0	0.0	0.0	992.0	0.0
EASI245_L1_polyg	2177002.0	0.0	0.0	974.0	0.0
EASI245_L2_polyg	2080958.0	0.0	0.0	910.0	0.0
EASI245_L3_polyg	2117752.0	0.0	0.0	1034.0	0.0
EASI245_L4_polyg	1825484.0	0.0	0.0	1094.0	0.0
EASI246_L1_polyg	2004878.0	0.0	0.0	1302.0	0.0
EASI246_L2_polyg	1913258.0	0.0	0.0	1128.0	0.0
EASI246_L3_polyg	1935434.0	0.0	0.0	1350.0	0.0
EASI246_L4_polyg	1577442.0	0.0	0.0	1262.0	0.0
EASI247_L1_polyg	2523310.0	0.0	0.0	1546.0	0.0
EASI247_L2_polyg	2422708.0	0.0	0.0	1394.0	0.0
EASI247_L3_polyg	2448572.0	0.0	0.0	1576.0	0.0
EASI247_L4_polyg	2093982.0	0.0	0.0	1658.0	0.0
EASI248_L1_polyg	3411514.0	0.0	0.0	1628.0	0.0
EASI248_L2_polyg	3304032.0	0.0	0.0	1344.0	0.0
EASI248_L3_polyg	3322312.0	0.0	0.0	1462.0	0.0
EASI248_L4_polyg	2806406.0	0.0	0.0	1536.0	0.0
EASI249_L1_polyg	1880526.0	0.0	0.0	752.0	0.0
EASI249_L2_polyg	1794200.0	0.0	0.0	670.0	0.0
EASI249_L3_polyg	1803672.0	0.0	0.0	766.0	0.0
EASI249_L4_polyg	1400902.0	0.0	0.0	620.0	0.0
EASI250_L1_polyg	2036232.0	0.0	0.0	1130.0	0.0
EASI250_L2_polyg	1962416.0	0.0	0.0	900.0	0.0
EASI250_L3_polyg	1978148.0	0.0	0.0	1090.0	0.0
EASI250_L4_polyg	1628684.0	0.0	0.0	1096.0	0.0
EASI251_L1_polyg	2647510.0	0.0	0.0	1520.0	0.0
EASI251_L2_polyg	2522574.0	0.0	0.0	1352.0	0.0
EASI251_L3_polyg	2546146.0	0.0	0.0	1482.0	0.0
EASI251_L4_polyg	2133564.0	0.0	0.0	1506.0	0.0
EASI252_L1_polyg	2335848.0	0.0	0.0	640.0	0.0
EASI252_L2_polyg	2264478.0	0.0	0.0	556.0	0.0
EASI252_L3_polyg	2251070.0	0.0	0.0	594.0	0.0
EASI252_L4_polyg	1903478.0	0.0	0.0	562.0	0.0
EASI253_L1_polyg	2603800.0	0.0	0.0	848.0	0.0
EASI253_L2_polyg	2526616.0	0.0	0.0	666.0	0.0
EASI253_L3_polyg	2530650.0	0.0	0.0	824.0	0.0
EASI253_L4_polyg	2172594.0	0.0	0.0	882.0	0.0
EASI254_L1_polyg	2486604.0	0.0	0.0	868.0	0.0
EASI254_L2_polyg	2415452.0	0.0	0.0	786.0	0.0
EASI254_L3_polyg	2409922.0	0.0	0.0	820.0	0.0
EASI254_L4_polyg	1995212.0	0.0	0.0	876.0	0.0
EASI255_L1_polyg	2205716.0	0.0	0.0	778.0	0.0
EASI255_L2_polyg	2125340.0	0.0	0.0	660.0	0.0
EASI255_L3_polyg	2140630.0	0.0	0.0	806.0	0.0
EASI255_L4_polyg	1834236.0	0.0	0.0	742.0	0.0
EASI256_L1_polyg	2172594.0	0.0	0.0	1078.0	0.0
EASI256_L2_polyg	2074866.0	0.0	0.0	926.0	0.0
EASI256_L3_polyg	2105130.0	0.0	0.0	1180.0	0.0
EASI256_L4_polyg	1795602.0	0.0	0.0	1030.0	0.0
EASI257_L1_polyg	2369898.0	0.0	0.0	1130.0	0.0
EASI257_L2_polyg	2285604.0	0.0	0.0	978.0	0.0
EASI257_L3_polyg	2299048.0	0.0	0.0	1170.0	0.0
EASI257_L4_polyg	1986664.0	0.0	0.0	1160.0	0.0
EASI258_L1_polyg	2240464.0	0.0	0.0	1052.0	0.0
EASI258_L2_polyg	2162530.0	0.0	0.0	872.0	0.0
EASI258_L3_polyg	2173380.0	0.0	0.0	1128.0	0.0
EASI258_L4_polyg	1854650.0	0.0	0.0	1000.0	0.0
EASI259_L1_polyg	2681994.0	0.0	0.0	1290.0	0.0
EASI259_L2_polyg	2570914.0	0.0	0.0	1078.0	0.0
EASI259_L3_polyg	2601226.0	0.0	0.0	1360.0	0.0
EASI259_L4_polyg	2196234.0	0.0	0.0	1278.0	0.0
EASI260_L1_polyg	2291816.0	0.0	0.0	1308.0	0.0
EASI260_L2_polyg	2213072.0	0.0	0.0	1204.0	0.0
EASI260_L3_polyg	2222258.0	0.0	0.0	1388.0	0.0
EASI260_L4_polyg	1996408.0	0.0	0.0	1436.0	0.0
EASI261_L1_polyg	2438286.0	0.0	0.0	902.0	0.0
EASI261_L2_polyg	2348064.0	0.0	0.0	916.0	0.0
EASI261_L3_polyg	2370622.0	0.0	0.0	950.0	0.0
EASI261_L4_polyg	2037748.0	0.0	0.0	1050.0	0.0
EASI262_L1_polyg	2273776.0	0.0	0.0	970.0	0.0
EASI262_L2_polyg	2185222.0	0.0	0.0	836.0	0.0
EASI262_L3_polyg	2193698.0	0.0	0.0	958.0	0.0
EASI262_L4_polyg	1868592.0	0.0	0.0	948.0	0.0
EASI263_L1_polyg	2317480.0	0.0	0.0	678.0	0.0
EASI263_L2_polyg	2230794.0	0.0	0.0	584.0	0.0
EASI263_L3_polyg	2248290.0	0.0	0.0	568.0	0.0
EASI263_L4_polyg	2014904.0	0.0	0.0	664.0	0.0
EASI264_L1_polyg	2010788.0	0.0	0.0	1114.0	0.0
EASI264_L2_polyg	1930276.0	0.0	0.0	890.0	0.0
EASI264_L3_polyg	1943476.0	0.0	0.0	1152.0	0.0
EASI264_L4_polyg	1662358.0	0.0	0.0	1044.0	0.0
EASI265_L1_polyg	2207372.0	0.0	0.0	1326.0	0.0
EASI265_L2_polyg	2120940.0	0.0	0.0	1290.0	0.0
EASI265_L3_polyg	2123472.0	0.0	0.0	1234.0	0.0
EASI265_L4_polyg	1872832.0	0.0	0.0	1432.0	0.0
EASI266_L1_polyg	2766006.0	0.0	0.0	1362.0	0.0
EASI266_L2_polyg	2684662.0	0.0	0.0	1298.0	0.0
EASI266_L3_polyg	2696670.0	0.0	0.0	1398.0	0.0
EASI266_L4_polyg	2281602.0	0.0	0.0	1412.0	0.0
EASI267_L1_polyg	2443718.0	0.0	0.0	1464.0	0.0
EASI267_L2_polyg	2345186.0	0.0	0.0	1056.0	0.0
EASI267_L3_polyg	2367274.0	0.0	0.0	1350.0	0.0
EASI267_L4_polyg	2032034.0	0.0	0.0	1312.0	0.0
EASI268_L1_polyg	2413136.0	0.0	0.0	1458.0	0.0
EASI268_L2_polyg	2333576.0	0.0	0.0	1146.0	0.0
EASI268_L3_polyg	2354126.0	0.0	0.0	1376.0	0.0
EASI268_L4_polyg	2107866.0	0.0	0.0	1358.0	0.0
EASI269_L1_polyg	2418678.0	0.0	0.0	804.0	0.0
EASI269_L2_polyg	2347612.0	0.0	0.0	700.0	0.0
EASI269_L3_polyg	2360556.0	0.0	0.0	946.0	0.0
EASI269_L4_polyg	2084806.0	0.0	0.0	806.0	0.0
EASI270_L1_polyg	2133716.0	0.0	0.0	850.0	0.0
EASI270_L2_polyg	2066014.0	0.0	0.0	1486.0	0.0
EASI270_L3_polyg	2073268.0	0.0	0.0	906.0	0.0
EASI270_L4_polyg	1820660.0	0.0	0.0	1630.0	0.0
EASI271_L1_polyg	2442560.0	0.0	0.0	1442.0	0.0
EASI271_L2_polyg	2360550.0	0.0	0.0	1482.0	0.0
EASI271_L3_polyg	2369958.0	0.0	0.0	1520.0	0.0
EASI271_L4_polyg	2006390.0	0.0	0.0	1596.0	0.0
EASI272_L1_polyg	2635576.0	0.0	0.0	1100.0	0.0
EASI272_L2_polyg	2525404.0	0.0	0.0	1056.0	0.0
EASI272_L3_polyg	2565760.0	0.0	0.0	1092.0	0.0
EASI272_L4_polyg	2272778.0	0.0	0.0	1226.0	0.0
EASI273_L1_polyg	2536034.0	0.0	0.0	1496.0	0.0
EASI273_L2_polyg	2438558.0	0.0	0.0	1468.0	0.0
EASI273_L3_polyg	2463734.0	0.0	0.0	1678.0	0.0
EASI273_L4_polyg	2196946.0	0.0	0.0	1792.0	0.0
EASI274_L1_polyg	2745602.0	0.0	0.0	1986.0	0.0
EASI274_L2_polyg	2659530.0	0.0	0.0	1880.0	0.0
EASI274_L3_polyg	2673898.0	0.0	0.0	2160.0	0.0
EASI274_L4_polyg	2269558.0	0.0	0.0	2162.0	0.0
EASI275_L1_polyg	3192184.0	0.0	0.0	2994.0	0.0
EASI275_L2_polyg	3079224.0	0.0	0.0	3018.0	0.0
EASI275_L3_polyg	3099240.0	0.0	0.0	3116.0	0.0
EASI275_L4_polyg	2613908.0	0.0	0.0	2998.0	0.0
EASI276_L1_polyg	2371440.0	0.0	0.0	1912.0	0.0
EASI276_L2_polyg	2278706.0	0.0	0.0	2068.0	0.0
EASI276_L3_polyg	2302482.0	0.0	0.0	2024.0	0.0
EASI276_L4_polyg	1953810.0	0.0	0.0	2186.0	0.0
EASI277_L1_polyg	1831990.0	0.0	0.0	1266.0	0.0
EASI277_L2_polyg	1756576.0	0.0	0.0	1264.0	0.0
EASI277_L3_polyg	1777078.0	0.0	0.0	1402.0	0.0
EASI277_L4_polyg	1531572.0	0.0	0.0	1422.0	0.0
EASI278_L1_polyg	2146392.0	0.0	0.0	850.0	0.0
EASI278_L2_polyg	2065032.0	0.0	0.0	828.0	0.0
EASI278_L3_polyg	2086310.0	0.0	0.0	870.0	0.0
EASI278_L4_polyg	1735618.0	0.0	0.0	1030.0	0.0
EASI279_L1_polyg	2240892.0	0.0	0.0	1524.0	0.0
EASI279_L2_polyg	2144896.0	0.0	0.0	1474.0	0.0
EASI279_L3_polyg	2160244.0	0.0	0.0	1658.0	0.0
EASI279_L4_polyg	1741138.0	0.0	0.0	1566.0	0.0
EASI280_L1_polyg	2537186.0	0.0	0.0	1314.0	0.0
EASI280_L2_polyg	2449386.0	0.0	0.0	1242.0	0.0
EASI280_L3_polyg	2463156.0	0.0	0.0	1410.0	0.0
EASI280_L4_polyg	2211346.0	0.0	0.0	1478.0	0.0
EASI281_L1_polyg	2692382.0	0.0	0.0	1874.0	0.0
EASI281_L2_polyg	2600906.0	0.0	0.0	2004.0	0.0
EASI281_L3_polyg	2608660.0	0.0	0.0	2090.0	0.0
EASI281_L4_polyg	2310820.0	0.0	0.0	2290.0	0.0
EASI282_L1_polyg	2060732.0	0.0	0.0	668.0	0.0
EASI282_L2_polyg	1981564.0	0.0	0.0	566.0	0.0
EASI282_L3_polyg	1999142.0	0.0	0.0	704.0	0.0
EASI282_L4_polyg	1739642.0	0.0	0.0	746.0	0.0
EASI283_L1_polyg	2172850.0	0.0	0.0	740.0	0.0
EASI283_L2_polyg	2098944.0	0.0	0.0	798.0	0.0
EASI283_L3_polyg	2109032.0	0.0	0.0	762.0	0.0
EASI283_L4_polyg	1882048.0	0.0	0.0	860.0	0.0
EASI284_L1_polyg	2986200.0	0.0	0.0	1166.0	0.0
EASI284_L2_polyg	2903282.0	0.0	0.0	1298.0	0.0
EASI284_L3_polyg	2907348.0	0.0	0.0	1162.0	0.0
EASI284_L4_polyg	2623048.0	0.0	0.0	1320.0	0.0
EASI285_L1_polyg	2575634.0	0.0	0.0	926.0	0.0
EASI285_L2_polyg	2493062.0	0.0	0.0	990.0	0.0
EASI285_L3_polyg	2499426.0	0.0	0.0	884.0	0.0
EASI285_L4_polyg	2179664.0	0.0	0.0	1048.0	0.0
EASI286_L1_polyg	2343386.0	0.0	0.0	1134.0	0.0
EASI286_L2_polyg	2243130.0	0.0	0.0	1584.0	0.0
EASI286_L3_polyg	2259702.0	0.0	0.0	1190.0	0.0
EASI286_L4_polyg	1907760.0	0.0	0.0	1674.0	0.0
EASI287_L1_polyg	2414944.0	0.0	0.0	1310.0	0.0
EASI287_L2_polyg	2332024.0	0.0	0.0	1566.0	0.0
EASI287_L3_polyg	2340790.0	0.0	0.0	1320.0	0.0
EASI287_L4_polyg	2011412.0	0.0	0.0	1656.0	0.0
EASI288_L1_polyg	2219822.0	0.0	0.0	1054.0	0.0
EASI288_L2_polyg	2139650.0	0.0	0.0	1442.0	0.0
EASI288_L3_polyg	2157762.0	0.0	0.0	1076.0	0.0
EASI288_L4_polyg	1886482.0	0.0	0.0	1596.0	0.0
EASI290_L1_polyg	2166212.0	0.0	0.0	654.0	0.0
EASI290_L2_polyg	2098030.0	0.0	0.0	580.0	0.0
EASI290_L3_polyg	2117544.0	0.0	0.0	640.0	0.0
EASI290_L4_polyg	1796004.0	0.0	0.0	574.0	0.0
EASI291_L1_polyg	2234590.0	0.0	0.0	678.0	0.0
EASI291_L2_polyg	2164172.0	0.0	0.0	672.0	0.0
EASI291_L3_polyg	2181092.0	0.0	0.0	712.0	0.0
EASI291_L4_polyg	1858048.0	0.0	0.0	682.0	0.0
EASI292_L1_polyg	2503802.0	0.0	0.0	1152.0	0.0
EASI292_L2_polyg	2412722.0	0.0	0.0	988.0	0.0
EASI292_L3_polyg	2443540.0	0.0	0.0	1170.0	0.0
EASI292_L4_polyg	2052166.0	0.0	0.0	1260.0	0.0
EASI293_L1_polyg	2323808.0	0.0	0.0	1758.0	0.0
EASI293_L2_polyg	2242812.0	0.0	0.0	1564.0	0.0
EASI293_L3_polyg	2260922.0	0.0	0.0	1688.0	0.0
EASI293_L4_polyg	1960006.0	0.0	0.0	1836.0	0.0
EASI294_L1_polyg	2573716.0	0.0	0.0	936.0	0.0
EASI294_L2_polyg	2472532.0	0.0	0.0	822.0	0.0
EASI294_L3_polyg	2489426.0	0.0	0.0	928.0	0.0
EASI294_L4_polyg	2064270.0	0.0	0.0	948.0	0.0
EASI295_L1_polyg	2347760.0	0.0	0.0	1480.0	0.0
EASI295_L2_polyg	2261264.0	0.0	0.0	1360.0	0.0
EASI295_L3_polyg	2263238.0	0.0	0.0	1566.0	0.0
EASI295_L4_polyg	1943982.0	0.0	0.0	1434.0	0.0
EASI296_L1_polyg	2350782.0	0.0	0.0	870.0	0.0
EASI296_L2_polyg	2264624.0	0.0	0.0	760.0	0.0
EASI296_L3_polyg	2274346.0	0.0	0.0	948.0	0.0
EASI296_L4_polyg	2040874.0	0.0	0.0	822.0	0.0
EASI297_L1_polyg	2646226.0	0.0	0.0	1460.0	0.0
EASI297_L2_polyg	2534638.0	0.0	0.0	1316.0	0.0
EASI297_L3_polyg	2556944.0	0.0	0.0	1478.0	0.0
EASI297_L4_polyg	1978140.0	0.0	0.0	1332.0	0.0
EASI298_L1_polyg	1849732.0	0.0	0.0	1044.0	0.0
EASI298_L2_polyg	1775258.0	0.0	0.0	838.0	0.0
EASI298_L3_polyg	1792254.0	0.0	0.0	1042.0	0.0
EASI298_L4_polyg	1491604.0	0.0	0.0	1008.0	0.0
EASI299_L1_polyg	2176344.0	0.0	0.0	948.0	0.0
EASI299_L2_polyg	2096836.0	0.0	0.0	800.0	0.0
EASI299_L3_polyg	2101638.0	0.0	0.0	934.0	0.0
EASI299_L4_polyg	1841992.0	0.0	0.0	926.0	0.0
EASI300_L1_polyg	2388372.0	0.0	0.0	1212.0	0.0
EASI300_L2_polyg	2299962.0	0.0	0.0	1064.0	0.0
EASI300_L3_polyg	2315264.0	0.0	0.0	1240.0	0.0
EASI300_L4_polyg	1911426.0	0.0	0.0	1100.0	0.0
EASI301_L1_polyg	2435558.0	0.0	0.0	970.0	0.0
EASI301_L2_polyg	2331188.0	0.0	0.0	872.0	0.0
EASI301_L3_polyg	2355976.0	0.0	0.0	1022.0	0.0
EASI301_L4_polyg	2006944.0	0.0	0.0	1018.0	0.0
EASI302_L1_polyg	2601538.0	0.0	0.0	648.0	0.0
EASI302_L2_polyg	2515836.0	0.0	0.0	564.0	0.0
EASI302_L3_polyg	2527636.0	0.0	0.0	630.0	0.0
EASI302_L4_polyg	2107488.0	0.0	0.0	740.0	0.0
Pool-1-001-AZP-80_S1_L1_polyg	844.0	0.0	0.0	2.0	0.0
Pool-1-002-AZP-81_S2_L1_polyg	10458018.0	0.0	0.0	25228.0	0.0
Pool-1-003-AZP-82_S3_L1_polyg	30764872.0	0.0	0.0	9914.0	0.0
Pool-1-004-AZP-83_S4_L1_polyg	43459238.0	0.0	0.0	1320.0	0.0
Pool-1-005-AZP-84_S5_L1_polyg	29744626.0	0.0	0.0	32130.0	0.0
Pool-1-006-AZP-85_S6_L1_polyg	15567088.0	0.0	0.0	1388.0	0.0
Pool-1-007-AZP-86_S7_L1_polyg	28267850.0	0.0	0.0	9072.0	0.0
Pool-1-008-AZP-87_S8_L1_polyg	32549236.0	0.0	0.0	17840.0	0.0
Pool-1-009-AZP-88_S9_L1_polyg	41726672.0	0.0	0.0	13518.0	0.0
Pool-1-010-AZP-89_S10_L1_polyg	18544530.0	0.0	0.0	4094.0	0.0
Pool-1-011-AZP-90_S11_L1_polyg	11784168.0	0.0	0.0	67106.0	0.0
Pool-1-012-AZP-91_S12_L1_polyg	19372706.0	0.0	0.0	1588.0	0.0
Pool-1-013-AZP-92_S13_L1_polyg	38627304.0	0.0	0.0	4236.0	0.0
Pool-1-014-AZP-93_S14_L1_polyg	34640766.0	0.0	0.0	1946.0	0.0
Pool-1-015-AZP-94_S15_L1_polyg	49395594.0	0.0	0.0	18068.0	0.0
Pool-1-016-AZP-95_S16_L1_polyg	46569366.0	0.0	0.0	7734.0	0.0
Pool-1-017-AZP-96_S17_L1_polyg	29276786.0	0.0	0.0	17950.0	0.0
Pool-1-018-AZP-97_S18_L1_polyg	43204000.0	0.0	0.0	2616.0	0.0
Pool-1-019-AZP-98_S19_L1_polyg	38234686.0	0.0	0.0	4382.0	0.0
Pool-1-020-AZP-99_S20_L1_polyg	65111616.0	0.0	0.0	10200.0	0.0
Pool-1-021-AZP-100_S21_L1_polyg	35867936.0	0.0	0.0	42898.0	0.0
Pool-1-022-AZP-101_S22_L1_polyg	39292212.0	0.0	0.0	12796.0	0.0
Pool-1-023-AZP-102_S23_L1_polyg	29439382.0	0.0	0.0	10622.0	0.0
Pool-1-024-AZP-103_S24_L1_polyg	42070386.0	0.0	0.0	6624.0	0.0
Pool-1-025-AZP-104_S25_L1_polyg	47668872.0	0.0	0.0	3594.0	0.0
Pool-1-026-AZP-105_S26_L1_polyg	19427414.0	0.0	0.0	9042.0	0.0
Pool-1-027-AZP-106_S27_L1_polyg	29373732.0	0.0	0.0	7262.0	0.0
Pool-1-028-AZP-107_S28_L1_polyg	45427250.0	0.0	0.0	2842.0	0.0
Pool-1-029-AZP-108_S29_L1_polyg	47579906.0	0.0	0.0	3080.0	0.0
Pool-1-030-AZP-109_S30_L1_polyg	33294672.0	0.0	0.0	7640.0	0.0
Pool-1-031-AZP-110_S31_L1_polyg	27602596.0	0.0	0.0	7854.0	0.0
Pool-1-032-AZP-111_S32_L1_polyg	38636158.0	0.0	0.0	7890.0	0.0
Pool-1-033-AZP-112_S33_L1_polyg	50462588.0	0.0	0.0	18726.0	0.0
Pool-1-034-AZP-113_S34_L1_polyg	86694940.0	0.0	0.0	25736.0	0.0
Pool-1-035-AZP-114_S35_L1_polyg	46182612.0	0.0	0.0	18560.0	0.0
Pool-1-036-AZP-115_S36_L1_polyg	71584438.0	0.0	0.0	19756.0	0.0
Pool-1-037-AZP-116_S37_L1_polyg	35680470.0	0.0	0.0	6856.0	0.0
Pool-1-038-AZP-117_S38_L1_polyg	9167396.0	0.0	0.0	1740.0	0.0
Pool-1-039-AZP-118_S39_L1_polyg	58015340.0	0.0	0.0	14066.0	0.0
Pool-1-040-AZP-119_S40_L1_polyg	36074540.0	0.0	0.0	6590.0	0.0
Pool-1-041-AZP-120_S41_L1_polyg	32307934.0	0.0	0.0	18200.0	0.0
Pool-1-042-AZP-121_S42_L1_polyg	41609054.0	0.0	0.0	32632.0	0.0
Pool-1-043-AZP-122_S43_L1_polyg	37758530.0	0.0	0.0	14928.0	0.0
Pool-1-044-AZP-123_S44_L1_polyg	26408536.0	0.0	0.0	6800.0	0.0
Pool-1-045-AZP-124_S45_L1_polyg	41038730.0	0.0	0.0	5934.0	0.0
Pool-1-046-AZP-125_S46_L1_polyg	34488862.0	0.0	0.0	1644.0	0.0
Pool-1-047-AZP-126_S47_L1_polyg	55152594.0	0.0	0.0	9480.0	0.0
Pool-1-048-AZP-127_S48_L1_polyg	46087048.0	0.0	0.0	10492.0	0.0
Pool-1-049-AZP-128_S49_L1_polyg	38653816.0	0.0	0.0	3274.0	0.0
Pool-1-050-AZP-129_S50_L1_polyg	49599188.0	0.0	0.0	7626.0	0.0
Pool-1-051-AZP-130_S51_L1_polyg	37324342.0	0.0	0.0	1334.0	0.0
Pool-1-052-AZP-131_S52_L1_polyg	34044776.0	0.0	0.0	1084.0	0.0
Pool-1-053-AZP-132_S53_L1_polyg	26507280.0	0.0	0.0	5406.0	0.0
Pool-2-001-AZP-133_S1_L1_polyg	30579080.0	0.0	0.0	3704.0	0.0
Pool-2-002-AZP-134_S2_L1_polyg	37479958.0	0.0	0.0	12686.0	0.0
Pool-2-003-AZP-135_S3_L1_polyg	47869550.0	0.0	0.0	5376.0	0.0
Pool-2-004-AZP-136_S4_L1_polyg	40410132.0	0.0	0.0	2722.0	0.0
Pool-2-005-AZP-137_S5_L1_polyg	11943362.0	0.0	0.0	2036.0	0.0
Pool-2-006-AZP-138_S6_L1_polyg	41901784.0	0.0	0.0	1330.0	0.0
Pool-2-007-AZP-139_S7_L1_polyg	38691478.0	0.0	0.0	5960.0	0.0
Pool-2-008-AZP-140_S8_L1_polyg	26540698.0	0.0	0.0	4646.0	0.0
Pool-2-009-AZP-141_S9_L1_polyg	38777366.0	0.0	0.0	6412.0	0.0
Pool-2-010-AZP-142_S10_L1_polyg	22338934.0	0.0	0.0	2494.0	0.0
Pool-2-011-AZP-143_S11_L1_polyg	34764652.0	0.0	0.0	9420.0	0.0
Pool-2-012-AZP-144_S12_L1_polyg	31288960.0	0.0	0.0	3474.0	0.0
Pool-2-013-AZP-145_S13_L1_polyg	7187000.0	0.0	0.0	2778.0	0.0
Pool-2-014-AZP-146_S14_L1_polyg	36012376.0	0.0	0.0	1430.0	0.0
Pool-2-015-AZP-147_S15_L1_polyg	58243014.0	0.0	0.0	20062.0	0.0
Pool-2-016-AZP-148_S16_L1_polyg	33945334.0	0.0	0.0	2130.0	0.0
Pool-2-017-AZP-149_S17_L1_polyg	32757948.0	0.0	0.0	2502.0	0.0
Pool-2-018-AZP-150_S18_L1_polyg	47797602.0	0.0	0.0	13990.0	0.0
Pool-2-019-AZP-151_S19_L1_polyg	40069982.0	0.0	0.0	24462.0	0.0
Pool-2-020-AZP-152_S20_L1_polyg	21005742.0	0.0	0.0	2074.0	0.0
Pool-2-021-AZP-153_S21_L1_polyg	45727212.0	0.0	0.0	7422.0	0.0
Pool-2-022-AZP-154_S22_L1_polyg	32682104.0	0.0	0.0	9110.0	0.0
Pool-2-023-AZP-155_S23_L1_polyg	90809386.0	0.0	0.0	14526.0	0.0
Pool-2-024-AZP-156_S24_L1_polyg	47234778.0	0.0	0.0	6118.0	0.0
Pool-2-025-AZP-157_S25_L1_polyg	27232398.0	0.0	0.0	7228.0	0.0
Pool-2-026-AZP-158_S26_L1_polyg	27191882.0	0.0	0.0	4330.0	0.0
Pool-2-027-AZP-159_S27_L1_polyg	31916922.0	0.0	0.0	11090.0	0.0
Pool-2-028-AZP-160_S28_L1_polyg	20843218.0	0.0	0.0	3000.0	0.0
Pool-2-029-AZP-161_S29_L1_polyg	38260840.0	0.0	0.0	9250.0	0.0
Pool-2-030-AZP-162_S30_L1_polyg	23800594.0	0.0	0.0	5682.0	0.0
Pool-2-031-AZP-163_S31_L1_polyg	30990148.0	0.0	0.0	5602.0	0.0
Pool-2-032-AZP-164_S32_L1_polyg	31965880.0	0.0	0.0	21510.0	0.0
Pool-2-033-AZP-165_S33_L1_polyg	47462712.0	0.0	0.0	2584.0	0.0
Pool-2-034-AZP-166_S34_L1_polyg	44659654.0	0.0	0.0	4642.0	0.0
Pool-2-035-AZP-167_S35_L1_polyg	32312216.0	0.0	0.0	12386.0	0.0
Pool-2-036-AZP-168_S36_L1_polyg	25954890.0	0.0	0.0	2412.0	0.0
Pool-2-037-AZP-169_S37_L1_polyg	33969110.0	0.0	0.0	84016.0	0.0
Pool-2-038-AZP-170_S38_L1_polyg	37614422.0	0.0	0.0	3834.0	0.0
Pool-2-039-AZP-171_S39_L1_polyg	32440318.0	0.0	0.0	18328.0	0.0
Pool-2-040-AZP-172_S40_L1_polyg	19447234.0	0.0	0.0	3142.0	0.0
Pool-2-041-AZP-173_S41_L1_polyg	25412442.0	0.0	0.0	4990.0	0.0
Pool-2-042-AZP-174_S42_L1_polyg	45231192.0	0.0	0.0	28658.0	0.0
Pool-2-043-AZP-175_S43_L1_polyg	33892166.0	0.0	0.0	6602.0	0.0
Pool-2-044-AZP-176_S44_L1_polyg	42593524.0	0.0	0.0	2822.0	0.0
Pool-2-045-AZP-177_S45_L1_polyg	39169676.0	0.0	0.0	4262.0	0.0
Pool-2-046-AZP-178_S46_L1_polyg	40774554.0	0.0	0.0	1606.0	0.0
Pool-2-047-AZP-179_S47_L1_polyg	36500770.0	0.0	0.0	2372.0	0.0
Pool-2-048-AZP-180_S48_L1_polyg	30240258.0	0.0	0.0	4208.0	0.0
Pool-2-049-AZP-181_S49_L1_polyg	34111626.0	0.0	0.0	41580.0	0.0
Pool-2-050-AZP-182_S50_L1_polyg	38199026.0	0.0	0.0	8310.0	0.0
Pool-2-051-AZP-183_S51_L1_polyg	39024460.0	0.0	0.0	1438.0	0.0
Pool-2-052-AZP-184_S52_L1_polyg	43636148.0	0.0	0.0	2074.0	0.0
Pool-2-053-AZP-185_S53_L1_polyg	62083148.0	0.0	0.0	16946.0	0.0
Pool-3-000-UDI_25_S2_L1_polyg	3954502.0	0.0	0.0	5244.0	0.0
Pool-3-000-UDI_26_S3_L1_polyg	1978692.0	0.0	0.0	1516.0	0.0
Pool-3-000-UDI_27_S4_L1_polyg	1622310.0	0.0	0.0	2066.0	0.0
Pool-3-000-UDI_28_S1_L1_polyg	11570298.0	0.0	0.0	9884.0	0.0
Pool-3-001-AZP-186_S5_L1_polyg	35662520.0	0.0	0.0	6744.0	0.0
Pool-3-002-AZP-187_S6_L1_polyg	37141220.0	0.0	0.0	5434.0	0.0
Pool-3-003-AZP-188_S7_L1_polyg	34151808.0	0.0	0.0	1754.0	0.0
Pool-3-004-AZP-189_S8_L1_polyg	32041662.0	0.0	0.0	4570.0	0.0
Pool-3-005-AZP-190_S9_L1_polyg	37391180.0	0.0	0.0	4430.0	0.0
Pool-3-006-AZP-191_S10_L1_polyg	28128630.0	0.0	0.0	6912.0	0.0
Pool-3-007-AZP-192_S11_L1_polyg	44137502.0	0.0	0.0	8330.0	0.0
Pool-3-008-AZP-193_S12_L1_polyg	34370144.0	0.0	0.0	11442.0	0.0
Pool-3-009-AZP-194_S13_L1_polyg	40756744.0	0.0	0.0	9962.0	0.0
Pool-3-010-AZP-195_S14_L1_polyg	38204198.0	0.0	0.0	16024.0	0.0
Pool-3-011-AZP-196_S15_L1_polyg	39690862.0	0.0	0.0	2818.0	0.0
Pool-3-012-AZP-197_S16_L1_polyg	37307050.0	0.0	0.0	4372.0	0.0
Pool-3-013-AZP-198_S17_L1_polyg	31687228.0	0.0	0.0	1438.0	0.0
Pool-3-014-AZP-199_S18_L1_polyg	23000610.0	0.0	0.0	2488.0	0.0
Pool-3-015-AZP-200_S19_L1_polyg	32205620.0	0.0	0.0	4750.0	0.0
Pool-3-016-AZP-201_S20_L1_polyg	34982774.0	0.0	0.0	16598.0	0.0
Pool-3-017-AZP-202_S21_L1_polyg	34214600.0	0.0	0.0	8346.0	0.0
Pool-3-018-AZP-203_S22_L1_polyg	27113762.0	0.0	0.0	2504.0	0.0
Pool-3-019-AZP-204_S23_L1_polyg	32193808.0	0.0	0.0	1848.0	0.0
Pool-3-020-AZP-205_S24_L1_polyg	34479026.0	0.0	0.0	1450.0	0.0
Pool-3-021-AZP-206_S25_L1_polyg	48598116.0	0.0	0.0	3256.0	0.0
Pool-3-022-AZP-207_S26_L1_polyg	30344842.0	0.0	0.0	3192.0	0.0
Pool-3-023-AZP-208_S27_L1_polyg	39885930.0	0.0	0.0	7960.0	0.0
Pool-3-024-AZP-209_S28_L1_polyg	61232988.0	0.0	0.0	19028.0	0.0
Pool-3-025-AZP-210_S29_L1_polyg	32155938.0	0.0	0.0	4656.0	0.0
Pool-3-026-AZP-211_S30_L1_polyg	33198416.0	0.0	0.0	5928.0	0.0
Pool-3-027-AZP-212_S31_L1_polyg	36396318.0	0.0	0.0	2882.0	0.0
Pool-3-028-AZP-213_S32_L1_polyg	28975440.0	0.0	0.0	2094.0	0.0
Pool-3-029-AZP-214_S33_L1_polyg	33437032.0	0.0	0.0	2468.0	0.0
Pool-3-030-AZP-215_S34_L1_polyg	34015376.0	0.0	0.0	17470.0	0.0
Pool-3-031-AZP-216_S35_L1_polyg	44318902.0	0.0	0.0	7120.0	0.0
Pool-3-032-AZP-217_S36_L1_polyg	44033106.0	0.0	0.0	15382.0	0.0
Pool-3-033-AZP-218_S37_L1_polyg	38186308.0	0.0	0.0	2244.0	0.0
Pool-3-034-AZP-219_S38_L1_polyg	36380906.0	0.0	0.0	5996.0	0.0
Pool-3-035-AZP-220_S39_L1_polyg	45377426.0	0.0	0.0	6696.0	0.0
Pool-3-036-AZP-221_S40_L1_polyg	36188008.0	0.0	0.0	1464.0	0.0
Pool-3-037-AZP-222_S41_L1_polyg	33011542.0	0.0	0.0	9374.0	0.0
Pool-3-038-AZP-223_S42_L1_polyg	35868798.0	0.0	0.0	4914.0	0.0
Pool-3-039-AZP-224_S43_L1_polyg	43594534.0	0.0	0.0	12020.0	0.0
Pool-3-040-AZP-225_S44_L1_polyg	54573872.0	0.0	0.0	9200.0	0.0
Pool-3-041-AZP-226_S45_L1_polyg	46894818.0	0.0	0.0	7062.0	0.0
Pool-3-042-AZP-227_S46_L1_polyg	33988184.0	0.0	0.0	2628.0	0.0
Pool-3-043-AZP-228_S47_L1_polyg	44285762.0	0.0	0.0	3128.0	0.0
Pool-3-044-AZP-229_S48_L1_polyg	38881510.0	0.0	0.0	6298.0	0.0
Pool-3-045-AZP-230_S49_L1_polyg	32642662.0	0.0	0.0	6742.0	0.0
Pool-3-046-AZP-231_S50_L1_polyg	43686710.0	0.0	0.0	4610.0	0.0
Pool-3-047-AZP-232_S51_L1_polyg	36389956.0	0.0	0.0	5012.0	0.0
Pool-3-048-AZP-233_S52_L1_polyg	36629864.0	0.0	0.0	9050.0	0.0
Pool-3-049-AZP-234_S53_L1_polyg	26561278.0	0.0	0.0	2396.0	0.0
Pool-3-050-AZP-235_S54_L1_polyg	45064904.0	0.0	0.0	5558.0	0.0
Pool-3-051-AZP-236_S55_L1_polyg	38020080.0	0.0	0.0	3560.0	0.0
Pool-3-052-AZP-237_S56_L1_polyg	44676134.0	0.0	0.0	59478.0	0.0
Pool-3-053-AZP-E11_S57_L1_polyg	632.0	0.0	0.0	0.0	0.0
Pool-3-054-AZP-E12_S58_L1_polyg	5678.0	0.0	0.0	0.0	0.0
Pool-3-055-AZP-E13_S59_L1_polyg	1266.0	0.0	0.0	0.0	0.0
Pool-3-056-AZP-E14_S60_L1_polyg	2116.0	0.0	0.0	4.0	0.0
Pool-4-000-UDI_54_S1_L1_polyg	44274278.0	0.0	0.0	17492.0	0.0
Pool-4-001-AZP-238_S2_L1_polyg	30087334.0	0.0	0.0	2494.0	0.0
Pool-4-002-AZP-239_S3_L1_polyg	34800330.0	0.0	0.0	8694.0	0.0
Pool-4-003-AZP-240_S4_L1_polyg	39378904.0	0.0	0.0	2348.0	0.0
Pool-4-004-AZP-241_S5_L1_polyg	47305952.0	0.0	0.0	3476.0	0.0
Pool-4-005-AZP-242_S6_L1_polyg	3544442.0	0.0	0.0	13048.0	0.0
Pool-4-006-AZP-243_S7_L1_polyg	35552034.0	0.0	0.0	4236.0	0.0
Pool-4-007-AZP-244_S8_L1_polyg	36913876.0	0.0	0.0	12478.0	0.0
Pool-4-008-AZP-245_S9_L1_polyg	16878544.0	0.0	0.0	8174.0	0.0
Pool-4-009-AZP-246_S10_L1_polyg	52669798.0	0.0	0.0	5368.0	0.0
Pool-4-010-AZP-247_S11_L1_polyg	47119480.0	0.0	0.0	23690.0	0.0
Pool-4-011-AZP-248_S12_L1_polyg	46880988.0	0.0	0.0	7306.0	0.0
Pool-4-012-AZP-249_S13_L1_polyg	39757066.0	0.0	0.0	3774.0	0.0
Pool-4-013-AZP-250_S14_L1_polyg	33096280.0	0.0	0.0	3656.0	0.0
Pool-4-014-AZP-251_S15_L1_polyg	38164530.0	0.0	0.0	6506.0	0.0
Pool-4-015-AZP-252_S16_L1_polyg	46656690.0	0.0	0.0	5844.0	0.0
Pool-4-016-AZP-253_S17_L1_polyg	29503110.0	0.0	0.0	17536.0	0.0
Pool-4-017-AZP-254_S18_L1_polyg	40680154.0	0.0	0.0	2840.0	0.0
Pool-4-018-AZP-255_S19_L1_polyg	29168004.0	0.0	0.0	1728.0	0.0
Pool-4-019-AZP-256_S20_L1_polyg	32775388.0	0.0	0.0	1854.0	0.0
Pool-4-020-AZP-257_S21_L1_polyg	28017852.0	0.0	0.0	2358.0	0.0
Pool-4-021-AZP-258_S22_L1_polyg	38706548.0	0.0	0.0	2218.0	0.0
Pool-4-022-AZP-259_S23_L1_polyg	30684620.0	0.0	0.0	2980.0	0.0
Pool-4-023-AZP-260_S24_L1_polyg	38413858.0	0.0	0.0	4646.0	0.0
Pool-4-024-AZP-261_S25_L1_polyg	36973812.0	0.0	0.0	14886.0	0.0
Pool-4-025-AZP-262_S26_L1_polyg	46899724.0	0.0	0.0	4364.0	0.0
Pool-4-026-AZP-263_S27_L1_polyg	41888960.0	0.0	0.0	7650.0	0.0
Pool-4-027-AZP-264_S28_L1_polyg	38177566.0	0.0	0.0	6404.0	0.0
Pool-4-028-AZP-265_S29_L1_polyg	37256552.0	0.0	0.0	2504.0	0.0
Pool-4-029-AZP-266_S30_L1_polyg	40948810.0	0.0	0.0	3548.0	0.0
Pool-4-030-AZP-267_S31_L1_polyg	39740684.0	0.0	0.0	1940.0	0.0
Pool-4-031-AZP-268_S32_L1_polyg	34560338.0	0.0	0.0	3104.0	0.0
Pool-4-032-AZP-269_S33_L1_polyg	37235580.0	0.0	0.0	13208.0	0.0
Pool-4-033-AZP-270_S34_L1_polyg	43850652.0	0.0	0.0	4120.0	0.0
Pool-4-034-AZP-271_S35_L1_polyg	32313566.0	0.0	0.0	1562.0	0.0
Pool-4-035-AZP-272_S36_L1_polyg	33602988.0	0.0	0.0	4802.0	0.0
Pool-4-036-AZP-273_S37_L1_polyg	40386480.0	0.0	0.0	4240.0	0.0
Pool-4-037-AZP-274_S38_L1_polyg	42117518.0	0.0	0.0	11822.0	0.0
Pool-4-038-AZP-275_S39_L1_polyg	37236738.0	0.0	0.0	2640.0	0.0
Pool-4-039-AZP-276_S40_L1_polyg	39306120.0	0.0	0.0	8392.0	0.0
Pool-4-040-AZP-277_S41_L1_polyg	41701920.0	0.0	0.0	5884.0	0.0
Pool-4-041-AZP-278_S42_L1_polyg	28213354.0	0.0	0.0	1444.0	0.0
Pool-4-042-AZP-279_S43_L1_polyg	36264576.0	0.0	0.0	3532.0	0.0
Pool-4-043-AZP-280_S44_L1_polyg	35754898.0	0.0	0.0	5516.0	0.0
Pool-4-044-AZP-281_S45_L1_polyg	31330664.0	0.0	0.0	2462.0	0.0
Pool-4-045-AZP-282_S46_L1_polyg	30397886.0	0.0	0.0	7494.0	0.0
Pool-4-046-AZP-283_S47_L1_polyg	47977982.0	0.0	0.0	9266.0	0.0
Pool-4-047-AZP-284_S48_L1_polyg	34394850.0	0.0	0.0	7766.0	0.0
Pool-4-048-AZP-285_S49_L1_polyg	31520700.0	0.0	0.0	18840.0	0.0
Pool-4-049-AZP-286_S50_L1_polyg	29719260.0	0.0	0.0	1838.0	0.0
Pool-4-050-AZP-287_S51_L1_polyg	25913760.0	0.0	0.0	16560.0	0.0
Pool-4-051-AZP-288_S52_L1_polyg	38131092.0	0.0	0.0	1460.0	0.0
Pool-4-052-AZP-289_S53_L1_polyg	1796.0	0.0	0.0	0.0	0.0
Pool-4-053-AZP-E1_S54_L1_polyg	6298734.0	0.0	0.0	7158.0	0.0
Pool-4-054-AZP-E2_S55_L1_polyg	1528468.0	0.0	0.0	828.0	0.0
Pool-4-055-AZP-E3_S56_L1_polyg	2269634.0	0.0	0.0	1642.0	0.0
Pool-4-056-AZP-E4_S57_L1_polyg	2177858.0	0.0	0.0	880.0	0.0
Pool-4-057-AZP-E5_S58_L1_polyg	2426686.0	0.0	0.0	1198.0	0.0
Pool-4-058-AZP-E6_S59_L1_polyg	2399394.0	0.0	0.0	1192.0	0.0
Pool-4-059-AZP-E7_S60_L1_polyg	3166714.0	0.0	0.0	1020.0	0.0
Pool-4-060-AZP-E8_S61_L1_polyg	1985786.0	0.0	0.0	1630.0	0.0
Pool-4-061-AZP-E9_S62_L1_polyg	7906.0	0.0	0.0	0.0	0.0
Pool-4-062-AZP-E10_S63_L1_polyg	8698838.0	0.0	0.0	3622.0	0.0
